{"temp":[-32.27142857142857,24.97142857142857],"precip":[0.5561428571428572,2.8207142857142853]}