{"temp":[1.4590000000000007,13.625142857142857],"precip":[0,18.942857142857143]}