{"tempArray":[-16.6375,-9.857142857142858,-5.1571428571428575,-6.685714285714286,-9.37142857142857,-9.457142857142857,-4.642857142857143,-0.557142857142857,1.3285714285714285,-0.7428571428571429,-5.114285714285714,-1.6,3.2,-1.1142857142857143,2.0000000000000004,4.885714285714286,9.942857142857145,13.642857142857142,13.714285714285717,13.585714285714285,17.87142857142857,19.771428571428572,15.72857142857143,20.12857142857143,18.357142857142858,23.928571428571427,24.87142857142857,23.942857142857147,22.885714285714283,23.714285714285715,24.97142857142857,23.342857142857145,22.242857142857144,21.75714285714286,22.800000000000004,17.67142857142857,21.228571428571428,14.342857142857142,13.428571428571429,9.714285714285714,10.7,5.285714285714286,2.714285714285715,3.514285714285714,3.3999999999999995,-4.785714285714286,-5.485714285714286,0.857142857142857,-7.157142857142858,-5.528571428571429,-4.314285714285714,-7.285714285714286],"precipArray":[3.65,8.742857142857144,2.7714285714285714,1.6571428571428573,2.7714285714285714,3.542857142857143,1.7142857142857142,3.971428571428571,0.6285714285714287,1.5428571428571427,3.4,0.05714285714285715,2.4285714285714284,3.914285714285714,3.5142857142857147,0.42857142857142855,7.314285714285714,2.657142857142857,0.05714285714285715,2.314285714285714,1.9142857142857144,4.057142857142857,0.08571428571428572,5,1.457142857142857,1.1714285714285713,0,0.05714285714285715,5.257142857142857,8.62857142857143,2.2285714285714286,1.5142857142857142,1.5714285714285714,2.857142857142857,3.3999999999999995,2.7142857142857144,1.1142857142857143,4.8,1.971428571428571,3.9714285714285715,2.685714285714286,0.17142857142857143,2.6000000000000005,6.142857142857143,3.342857142857143,2.6571428571428575,4.428571428571429,5.3999999999999995,0.2571428571428572,1.4857142857142858,6.057142857142857,2.8857142857142857]}