{"tempArray":[-11.287499999999998,-2.485714285714286,-1.5999999999999999,-0.4428571428571429,-6.4142857142857155,-5.4,0.7714285714285715,5.1000000000000005,7.2,0.3666666666666667,-0.42857142857142855,0.4714285714285714,3.8857142857142857,0.7000000000000001,2.8,5.385714285714286,9.157142857142857,16.457142857142856,12.985714285714286,15.471428571428572,20.37142857142857,20.499999999999996,16.766666666666666,21.95714285714286,18.7,23.842857142857145,23.87142857142857,24,22.25714285714286,22.75714285714286,24.728571428571428,23.157142857142855,24.071428571428573,22.442857142857143,23.414285714285715,19.75714285714286,22.128571428571433,17.557142857142857,14.642857142857144,13.342857142857142,13.257142857142856,6.957142857142856,5.428571428571428,6.166666666666665,5.1000000000000005,0.28571428571428575,0.24285714285714327,2.8000000000000003,-1.6285714285714283,1.9200000000000004,1.0000000000000002,0.8428571428571429],"precipArray":[0.75,4.357142857142857,1.8714285714285717,1.1857142857142857,1.1428571428571428,3.057142857142857,1.9000000000000001,3.0285714285714285,0,0.11666666666666665,0.1142857142857143,0,3.057142857142857,3.9999999999999996,13.942857142857145,0.1142857142857143,3.4,1.3714285714285714,0.3,4.671428571428572,0.8428571428571429,0.5285714285714286,0.049999999999999996,3.8857142857142857,3.557142857142857,0.9857142857142858,0.9571428571428572,0,3.1857142857142855,2.542857142857143,1.5571428571428572,11.599999999999998,3.7857142857142856,7.271428571428571,0,4.8999999999999995,0,0.5285714285714286,4.828571428571428,3.842857142857143,0.6714285714285715,0,1.7857142857142858,8.333333333333334,2.8428571428571425,2.6714285714285713,4.6,2.6999999999999997,0.17142857142857146,1.06,2.428571428571428,3.0714285714285716]}