{"tempArray":[3.8375000000000004,4.742857142857143,7.757142857142857,5.6000000000000005,6.542857142857143,4.785714285714286,2.314285714285714,-0.3,4.214285714285714,5.014285714285714,6.614285714285715,6.142857142857143,7.757142857142857,9.2,8.357142857142858,8.957142857142857,11.42857142857143,13.200000000000001,14.599999999999998,16.1,15.742857142857144,14.4,13.642857142857142,16.685714285714287,18.014285714285712,16.471428571428568,18.128571428571426,19.014285714285716,18.585714285714282,21.114285714285717,19.5,20.58571428571429,18.066666666666666,16.742857142857144,16.814285714285713,16.271428571428572,14.885714285714286,13.257142857142856,13.27142857142857,9.471428571428572,9.357142857142858,8.899999999999999,10.771428571428572,10.714285714285714,5.828571428571429,6.342857142857143,7.400000000000001,6.485714285714286,2.242857142857143,7.385714285714286,6.671428571428572,3.814285714285714],"precipArray":[6.325,6.8,5.314285714285715,15,6.828571428571428,0.5142857142857143,5.942857142857143,1.4000000000000001,3.3714285714285714,2.4285714285714284,1.5714285714285712,8.114285714285714,2.2571428571428576,8.971428571428572,7.8,1.0857142857142856,1.342857142857143,0.05714285714285715,0.14285714285714285,0.028571428571428574,0,0.1142857142857143,1.7999999999999996,1.6285714285714286,1.5142857142857142,0.6285714285714287,0.7333333333333334,0,0,0,0,0.9714285714285714,0,1.2285714285714284,0.1142857142857143,2.5714285714285716,3.7714285714285714,7.085714285714287,3.3428571428571425,1.4285714285714286,0,0,9.771428571428572,11.37142857142857,0.9428571428571428,4.2,12.742857142857142,3.885714285714286,3.542857142857143,18.942857142857143,6.428571428571429,7.057142857142857]}