{"tempArray":[-19.55,-32.27142857142857,-16.87142857142857,-26.728571428571428,-27.71428571428571,-21.2,-26.47142857142857,-20.914285714285715,-17.014285714285712,-12.14285714285714,-7.616666666666667,-19.842857142857145,-21.271428571428572,-14.242857142857144,-9.142857142857142,-4.728571428571428,1.6857142857142855,3.142857142857143,3.4285714285714284,6.1000000000000005,11.557142857142859,9.571428571428571,11.185714285714285,13.85714285714286,18.88571428571429,14.085714285714285,16.442857142857143,15.242857142857144,16.566666666666666,16.7,14.828571428571427,14.442857142857141,13.471428571428573,10.628571428571428,8.857142857142858,6.057142857142857,1.3571428571428572,0.6142857142857141,-0.15714285714285717,-4.057142857142857,-1.7428571428571427,-2.142857142857143,-1.2571428571428573,-7.814285714285715,-13.228571428571431,-17.15714285714286,-14.685714285714285,-10.285714285714286,-12.885714285714284,-19.428571428571427,-16.642857142857142,-28.442857142857147],"precipArray":[1.4,0,0.2571428571428572,0.028571428571428574,0.22857142857142856,0.5428571428571428,0.3142857142857142,0.9714285714285714,0,0.17142857142857143,0,0.37142857142857144,0,0.14285714285714285,0,0.6857142857142858,0,0,0.4,0,1,0.27142857142857146,6.114285714285714,1.0857142857142859,4.485714285714286,6.942857142857143,1.5166666666666666,6.242857142857142,0.028571428571428574,2,2.2142857142857144,0.8285714285714285,2.1142857142857143,0.17142857142857143,1.542857142857143,0.05714285714285715,0,0.028571428571428574,0.19999999999999998,0.05714285714285715,0,0.8428571428571429,0,2.0714285714285716,0.8571428571428571,0.5857142857142856,0.2857142857142857,0.05714285714285715,0.028571428571428574,0.19999999999999998,0.08571428571428572,0.04285714285714286]}